id;last_name;first_name;sur_name;register_date;member_number;phone_number;adresse;email;etat
1;Schultz;Dwight;invoice;Island;5;4;orchid Avon payment;Orpha61@gmail.com;tangible explicit quantify
2;Stracke;Rowland;Crest;Maryland c;7;0;complexity;Jaquelin19@hotmail.com;deposit Account
3;Tillman;Darryl;Program;eyeballs r;5;5;Movies hard;Braeden_Johnston@gmail.com;deposit Metal
4;Koelpin;Wallace;Manager;Shirt tan;5;8;back Internal;Dayna.Nader@gmail.com;Brand
5;Spinka;Alayna;Avon;Grocery;8;4;Bedfordshire system;Elroy49@hotmail.com;seize Response
6;Oberbrunner;Nigel;Fish;Personal I;1;4;Bike transition Island;Eva91@hotmail.com;back hacking Ameliorated
7;Ratke;Tyrell;Avon Avon;Bike Facil;5;1;Buckinghamshire Lead;Lauriane_Cormier17@yahoo.com;superstructure e-services directional
8;Cronin;Edna;JBOD South;violet;0;10;De-engineered;Dion.Bednar66@hotmail.com;Computer
9;Botsford;Frances;Alaska China Shirt;Games RSS;9;9;Carolina;Rosie.Beatty@hotmail.com;Euro Accounts
10;Lebsack;Amely;bluetooth;SDD;9;1;eyeballs;Faye.Kemmer@gmail.com;matrix Rupiah driver
